[
  {
    "Name": "Development",
    "VisBaseUrl": "https://smavisdev.stmvalidation.eu",
    "SpidBaseUrl": "https://smaspisdev.stmvalidation.eu",
    "Instances": [
    ]
  },
  {
    "Name": "Test",
    "VisBaseUrl": "https://smavistest.stmvalidation.eu",
    "SpidBaseUrl": "https://smaspistest.stmvalidation.eu",
    "Instances": [
      {
        "Name": "MyInstance",
        "DisplayName": "MyInstance description",
        "UseHMAC": true,
        "AppId": "<ADD APP ID>",
        "ApiKey": "<ADD API KEY>"
      },
    ]
  },
  {
    "Name": "Production",
    "VisBaseUrl": "https://smavis.stmvalidation.eu",
    "SpidBaseUrl": "https://smaspis.stmvalidation.eu",
    "Instances": [
    ]
  }
]
