<?xml version="1.0"?>
<doc>
    <assembly>
        <name>MightyLittleGeodesy</name>
    </assembly>
    <members>
        <member name="M:MightyLittleGeodesy.Positions.RT90Position.#ctor(System.Double,System.Double)">
            <summary>
            Create a new position using default projection (2.5 gon v);
            </summary>
            <param name="x">X value</param>
            <param name="y">Y value</param>
        </member>
        <member name="M:MightyLittleGeodesy.Positions.RT90Position.#ctor(System.Double,System.Double,MightyLittleGeodesy.Positions.RT90Position.RT90Projection)">
            <summary>
            Create a new position
            </summary>
            <param name="x"></param>
            <param name="y"></param>
            <param name="projection"></param>
        </member>
        <member name="M:MightyLittleGeodesy.Positions.RT90Position.#ctor(MightyLittleGeodesy.Positions.WGS84Position,MightyLittleGeodesy.Positions.RT90Position.RT90Projection)">
            <summary>
            Create a RT90 position by converting a WGS84 position
            </summary>
            <param name="position">WGS84 position to convert</param>
            <param name="rt90projection">Projection to convert to</param>
        </member>
        <member name="M:MightyLittleGeodesy.Positions.RT90Position.ToWGS84">
            <summary>
            Convert the position to WGS84 format
            </summary>
            <returns></returns>
        </member>
        <member name="M:MightyLittleGeodesy.Positions.SWEREF99Position.#ctor(System.Double,System.Double)">
            <summary>
            Create a Sweref99 position from double values with 
            Sweref 99 TM as default projection.
            </summary>
            <param name="n"></param>
            <param name="e"></param>
        </member>
        <member name="M:MightyLittleGeodesy.Positions.SWEREF99Position.#ctor(System.Double,System.Double,MightyLittleGeodesy.Positions.SWEREF99Position.SWEREFProjection)">
            <summary>
            Create a Sweref99 position from double values. Supply the projection
            for values other than Sweref 99 TM
            </summary>
            <param name="n"></param>
            <param name="e"></param>
            <param name="projection"></param>
        </member>
        <member name="M:MightyLittleGeodesy.Positions.SWEREF99Position.#ctor(MightyLittleGeodesy.Positions.WGS84Position,MightyLittleGeodesy.Positions.SWEREF99Position.SWEREFProjection)">
            <summary>
            Create a RT90 position by converting a WGS84 position
            </summary>
            <param name="position">WGS84 position to convert</param>
            <param name="rt90projection">Projection to convert to</param>
        </member>
        <member name="M:MightyLittleGeodesy.Positions.SWEREF99Position.ToWGS84">
            <summary>
            Convert the position to WGS84 format
            </summary>
            <returns></returns>
        </member>
        <member name="M:MightyLittleGeodesy.Positions.WGS84Position.#ctor">
            <summary>
            Create a new WGS84 position with empty coordinates
            </summary>
        </member>
        <member name="M:MightyLittleGeodesy.Positions.WGS84Position.#ctor(System.Double,System.Double)">
            <summary>
            Create a new WGS84 position with latitude and longitude
            </summary>
            <param name="latitude"></param>
            <param name="longitude"></param>
        </member>
        <member name="M:MightyLittleGeodesy.Positions.WGS84Position.#ctor(System.String,MightyLittleGeodesy.Positions.WGS84Position.WGS84Format)">
            <summary>
            Create a new WGS84 position from a string containing both
            latitude and longitude. The string is parsed based on the 
            supplied format.
            </summary>
            <param name="positionString"></param>
            <param name="format"></param>
        </member>
        <member name="M:MightyLittleGeodesy.Positions.WGS84Position.SetLatitudeFromString(System.String,MightyLittleGeodesy.Positions.WGS84Position.WGS84Format)">
            <summary>
            Set the latitude value from a string. The string is
            parsed based on given format
            </summary>
            <param name="value">String represenation of a latitude value</param>
            <param name="format">Coordinate format in the string</param>
        </member>
        <member name="M:MightyLittleGeodesy.Positions.WGS84Position.SetLongitudeFromString(System.String,MightyLittleGeodesy.Positions.WGS84Position.WGS84Format)">
            <summary>
            Set the longitude value from a string. The string is
            parsed based on given format
            </summary>
            <param name="value">String represenation of a longitude value</param>
            <param name="format">Coordinate format in the string</param>
        </member>
        <member name="M:MightyLittleGeodesy.Positions.WGS84Position.LatitudeToString(MightyLittleGeodesy.Positions.WGS84Position.WGS84Format)">
            <summary>
            Returns a string representation in the given format
            </summary>
            <param name="format"></param>
            <returns></returns>
        </member>
        <member name="M:MightyLittleGeodesy.Positions.WGS84Position.LongitudeToString(MightyLittleGeodesy.Positions.WGS84Position.WGS84Format)">
            <summary>
            Returns a string representation in the given format
            </summary>
            <param name="format"></param>
            <returns></returns>
        </member>
    </members>
</doc>
